model,scenario,nudge,with_rag,product_pair,consumer_country,consumer_source,consumer_age_band,price_elasticity,brand_loyalty,digital_affinity,latency_sec,choice,confidence,primary_reason,reasoning,would_buy_at_all,price_too_high,parse_success,rag_condition
llama3,product_choice,none,True,TechBrand Wireless E vs SoundCore Wireless E,Germany,uci,Unknown,0.9989965682634612,0.5,0.6,52.34,B,7,price,"The significant price difference between the two products makes Product B a more attractive option for me, considering my high price sensitivity.",True,True,True,with_rag
llama3,product_choice,none,False,TechBrand Wireless E vs SoundCore Wireless E,Germany,uci,Unknown,0.9989965682634612,0.5,0.6,35.8,B,8,price,I'm highly price-sensitive and SoundCore Wireless Earbuds are significantly cheaper than TechBrand. This is a rare opportunity for me to get a good product at a price I'm comfortable with.,True,False,True,no_rag
llama3,product_choice,none,True,TechBrand Wireless E vs SoundCore Wireless E,Belgium,uci,Unknown,0.8022513920685668,0.5,0.6,39.83,B,8,price,"I'm very price-sensitive and value-driven, so the lower price of Product B is a major factor in my decision.",True,False,True,with_rag
llama3,product_choice,none,False,TechBrand Wireless E vs SoundCore Wireless E,Belgium,uci,Unknown,0.8022513920685668,0.5,0.6,32.21,B,8,price,"The lower price of Product B outweighs the slightly lower rating and fewer reviews, making it a more attractive option for me given my high price sensitivity.",True,False,True,no_rag
llama3,product_choice,none,True,TechBrand Wireless E vs SoundCore Wireless E,United Kingdom,uci,Unknown,0.9149136199648952,0.5,0.6,38.13,B,8,price,"The significant price difference between the two products made me choose the more affordable option, SoundCore Wireless Earbuds.",True,True,True,with_rag
llama3,product_choice,none,False,TechBrand Wireless E vs SoundCore Wireless E,United Kingdom,uci,Unknown,0.9149136199648952,0.5,0.6,29.36,B,8,price,"The lower price point of Product B makes it more attractive to me, given my high price sensitivity.",True,False,True,no_rag
llama3,product_choice,none,True,TechBrand Wireless E vs SoundCore Wireless E,USA,amazon,Unknown,0.5,0.6666666666666667,0.3333333333333333,36.65,B,7,price,"Product B is significantly cheaper than Product A, which aligns with my moderate price sensitivity.",True,False,True,with_rag
llama3,product_choice,none,False,TechBrand Wireless E vs SoundCore Wireless E,USA,amazon,Unknown,0.5,0.6666666666666667,0.3333333333333333,27.16,A,7,brand,Strong brand loyalty towards TechBrand and its reputation for quality products.,True,False,True,no_rag
llama3,product_choice,none,True,TechBrand Wireless E vs SoundCore Wireless E,USA,amazon,Unknown,0.5,0.7777777777777778,0.2222222222222222,35.45,B,7,price,"The price difference between the two products is significant, and I'm a moderate price-conscious consumer.",True,False,True,with_rag
llama3,product_choice,none,False,TechBrand Wireless E vs SoundCore Wireless E,USA,amazon,Unknown,0.5,0.7777777777777778,0.2222222222222222,29.4,A,8,brand,Strong brand loyalty towards TechBrand and moderate price sensitivity make me opt for the more expensive but trusted product.,True,False,True,no_rag
llama3,product_choice,none,True,TechBrand Wireless E vs SoundCore Wireless E,USA,amazon,Unknown,0.5,0.5555555555555556,0.4444444444444445,38.91,B,7,price,"I'm moderately price-sensitive, so the lower price point of Product B makes it a more attractive option.",True,False,True,with_rag
llama3,product_choice,none,False,TechBrand Wireless E vs SoundCore Wireless E,USA,amazon,Unknown,0.5,0.5555555555555556,0.4444444444444445,33.36,A,7,rating,"I'm willing to pay a premium for higher-rated products, and TechBrand has a great reputation in this category.",True,False,True,no_rag
llama3,product_choice,none,True,TechBrand Wireless E vs SoundCore Wireless E,Canada,global_wvs,Boomer,0.3634627657616281,0.3734984147314162,0.7061857250878424,40.74,B,8,price,"I'm willing to compromise on quality for a better price, especially since both products have similar ratings.",True,False,True,with_rag
llama3,product_choice,none,False,TechBrand Wireless E vs SoundCore Wireless E,Canada,global_wvs,Boomer,0.3634627657616281,0.3734984147314162,0.7061857250878424,38.38,B,7,price,"Although I have a high satisfaction with TechBrand, the price difference between Product A and Product B is significant enough to sway my decision. The good rating of SoundCore also gives me confidenc",True,True,True,no_rag
llama3,product_choice,none,True,TechBrand Wireless E vs SoundCore Wireless E,UK,global_wvs,Gen-X,0.589284080326021,0.6539278668756621,0.8634576801070702,41.25,A,7,brand,"As a strong brand loyalist, I prefer TechBrand Wireless Earbuds over SoundCore due to my familiarity with the brand.",True,False,True,with_rag
llama3,product_choice,none,False,TechBrand Wireless E vs SoundCore Wireless E,UK,global_wvs,Gen-X,0.589284080326021,0.6539278668756621,0.8634576801070702,31.23,A,7,brand,"As a strong brand loyalist, I'm more likely to choose TechBrand Wireless Earbuds over SoundCore despite the higher price.",True,False,True,no_rag
llama3,product_choice,none,True,TechBrand Wireless E vs SoundCore Wireless E,Brazil,global_wvs,Gen-X,0.7078949690491565,0.5100888513907429,0.4652734260458881,37.08,B,8,price,The significant price difference between the two products made it an attractive option to choose Product B.,True,True,True,with_rag
llama3,product_choice,none,False,TechBrand Wireless E vs SoundCore Wireless E,Brazil,global_wvs,Gen-X,0.7078949690491565,0.5100888513907429,0.4652734260458881,29.91,B,8,price,"The price difference is significant, and I'm a high price sensitivity consumer, so I choose the cheaper option.",True,False,True,no_rag
llama3,product_choice,authority,True,TechBrand Wireless E vs SoundCore Wireless E,Germany,uci,Unknown,0.9989965682634612,0.5,0.6,30.95,B,8,price,"I'm very price-sensitive, and the $20 difference is significant. I'd rather save money without sacrificing too much quality.",True,False,True,with_rag
llama3,product_choice,authority,False,TechBrand Wireless E vs SoundCore Wireless E,Germany,uci,Unknown,0.9989965682634612,0.5,0.6,29.46,B,7,price,"I'm on a budget and looking for the best value, so I'll choose the cheaper option with a decent rating.",True,False,True,no_rag
llama3,product_choice,authority,True,TechBrand Wireless E vs SoundCore Wireless E,Belgium,uci,Unknown,0.8022513920685668,0.5,0.6,30.33,B,8,price,"The significant price difference between the two products made it an attractive option for me, and I'm willing to compromise on a slightly lower rating.",True,False,True,with_rag
llama3,product_choice,authority,False,TechBrand Wireless E vs SoundCore Wireless E,Belgium,uci,Unknown,0.8022513920685668,0.5,0.6,27.24,B,8,price,"Although the ratings are close, I'm highly price-sensitive and Product B offers a significant discount.",True,False,True,no_rag
llama3,product_choice,authority,True,TechBrand Wireless E vs SoundCore Wireless E,United Kingdom,uci,Unknown,0.9149136199648952,0.5,0.6,26.53,B,8,price,"I'm very price-sensitive, and Product B is significantly cheaper than Product A.",True,True,True,with_rag
llama3,product_choice,authority,False,TechBrand Wireless E vs SoundCore Wireless E,United Kingdom,uci,Unknown,0.9149136199648952,0.5,0.6,28.12,B,8,price,The lower price of SoundCore Wireless Earbuds makes them a more attractive option given my high price sensitivity.,True,False,True,no_rag
llama3,product_choice,authority,True,TechBrand Wireless E vs SoundCore Wireless E,USA,amazon,Unknown,0.5,0.6666666666666667,0.3333333333333333,31.72,A,7,brand,"As a strong brand loyalist, I'm more likely to choose TechBrand Wireless Earbuds over SoundCore considering their top pick rating from Wirecutter.",True,False,True,with_rag
llama3,product_choice,authority,False,TechBrand Wireless E vs SoundCore Wireless E,USA,amazon,Unknown,0.5,0.6666666666666667,0.3333333333333333,30.38,A,8,brand,"As a consumer with strong brand loyalty, the fact that TechBrand is Wirecutter's top pick makes me more likely to choose Product A.",True,False,True,no_rag
llama3,product_choice,authority,True,TechBrand Wireless E vs SoundCore Wireless E,USA,amazon,Unknown,0.5,0.7777777777777778,0.2222222222222222,29.1,A,8,brand,"As a strong brand loyalist, I prefer the top pick from Wirecutter, which has a reputation for accuracy.",True,False,True,with_rag
llama3,product_choice,authority,False,TechBrand Wireless E vs SoundCore Wireless E,USA,amazon,Unknown,0.5,0.7777777777777778,0.2222222222222222,27.17,A,8,brand,"As a brand loyal consumer, I'm more likely to choose TechBrand's top-rated product.",True,False,True,no_rag
llama3,product_choice,authority,True,TechBrand Wireless E vs SoundCore Wireless E,USA,amazon,Unknown,0.5,0.5555555555555556,0.4444444444444445,31.12,A,8,brand,"As a moderately brand-loyal consumer, I prefer to stick with TechBrand Wireless Earbuds which is Wirecutter's top pick.",True,False,True,with_rag
llama3,product_choice,authority,False,TechBrand Wireless E vs SoundCore Wireless E,USA,amazon,Unknown,0.5,0.5555555555555556,0.4444444444444445,30.89,A,8,rating,"I'm willing to pay a premium for high-quality products, and the Wirecutter top pick seal of approval gives me confidence in this product's performance.",True,False,True,no_rag
llama3,product_choice,authority,True,TechBrand Wireless E vs SoundCore Wireless E,Canada,global_wvs,Boomer,0.3634627657616281,0.3734984147314162,0.7061857250878424,23.1,B,7,price,"I'm a moderate price-sensitive consumer, and the $20 difference is significant enough to sway my decision.",True,False,True,with_rag
llama3,product_choice,authority,False,TechBrand Wireless E vs SoundCore Wireless E,Canada,global_wvs,Boomer,0.3634627657616281,0.3734984147314162,0.7061857250878424,21.7,A,8,rating,I trust Wirecutter's recommendation and the higher rating on Product A makes me more confident in its quality.,True,False,True,no_rag
llama3,product_choice,authority,True,TechBrand Wireless E vs SoundCore Wireless E,UK,global_wvs,Gen-X,0.589284080326021,0.6539278668756621,0.8634576801070702,22.66,A,8,brand,"As a strong brand loyalist, I prefer TechBrand's Wireless Earbuds due to their reputation for quality products.",True,False,True,with_rag
llama3,product_choice,authority,False,TechBrand Wireless E vs SoundCore Wireless E,UK,global_wvs,Gen-X,0.589284080326021,0.6539278668756621,0.8634576801070702,21.55,A,8,brand,"As a Gen-X consumer with strong brand loyalty, I trust TechBrand's reputation for quality and reliability.",True,False,True,no_rag
llama3,product_choice,authority,True,TechBrand Wireless E vs SoundCore Wireless E,Brazil,global_wvs,Gen-X,0.7078949690491565,0.5100888513907429,0.4652734260458881,21.41,B,7,price,"The price difference of $20 is significant enough to sway my decision, despite similar ratings and reviews.",True,False,True,with_rag
llama3,product_choice,authority,False,TechBrand Wireless E vs SoundCore Wireless E,Brazil,global_wvs,Gen-X,0.7078949690491565,0.5100888513907429,0.4652734260458881,20.79,B,8,price,"The price difference is significant, and I'm a high price sensitivity consumer.",True,True,True,no_rag
llama3,product_choice,social_proof,True,TechBrand Wireless E vs SoundCore Wireless E,Germany,uci,Unknown,0.9989965682634612,0.5,0.6,20.67,B,8,price,"The price difference is significant, and I'm a high-price-sensitivity consumer.",True,False,True,with_rag
llama3,product_choice,social_proof,False,TechBrand Wireless E vs SoundCore Wireless E,Germany,uci,Unknown,0.9989965682634612,0.5,0.6,24.01,B,8,price,I'm highly price sensitive and the $79 price tag for Product A is too high for me. I prefer to spend less money on wireless earbuds.,True,True,True,no_rag
llama3,product_choice,social_proof,True,TechBrand Wireless E vs SoundCore Wireless E,Belgium,uci,Unknown,0.8022513920685668,0.5,0.6,19.62,B,8,price,The significant price difference and moderate brand loyalty influence my decision.,True,True,True,with_rag
llama3,product_choice,social_proof,False,TechBrand Wireless E vs SoundCore Wireless E,Belgium,uci,Unknown,0.8022513920685668,0.5,0.6,21.71,B,8,price,"The significant price difference between the two products makes Product B a more attractive option, despite having slightly lower ratings.",True,True,True,no_rag
llama3,product_choice,social_proof,True,TechBrand Wireless E vs SoundCore Wireless E,United Kingdom,uci,Unknown,0.9149136199648952,0.5,0.6,21.71,B,8,price,"I'm a price-sensitive consumer, and Product B offers significant savings of $20 compared to Product A.",True,False,True,with_rag
llama3,product_choice,social_proof,False,TechBrand Wireless E vs SoundCore Wireless E,United Kingdom,uci,Unknown,0.9149136199648952,0.5,0.6,22.08,B,7,price,"I'm highly price-sensitive, and this option is significantly cheaper. It's a good compromise between quality and affordability.",True,False,True,no_rag
llama3,product_choice,social_proof,True,TechBrand Wireless E vs SoundCore Wireless E,USA,amazon,Unknown,0.5,0.6666666666666667,0.3333333333333333,23.76,A,8,brand,"As a strong brand loyalist, I'm more likely to choose TechBrand Wireless Earbuds over SoundCore, even with the higher price.",True,False,True,with_rag
llama3,product_choice,social_proof,False,TechBrand Wireless E vs SoundCore Wireless E,USA,amazon,Unknown,0.5,0.6666666666666667,0.3333333333333333,21.2,A,7,brand,"As a brand loyal consumer, the strong reputation of TechBrand outweighs the slightly higher price point.",True,False,True,no_rag
llama3,product_choice,social_proof,True,TechBrand Wireless E vs SoundCore Wireless E,USA,amazon,Unknown,0.5,0.7777777777777778,0.2222222222222222,22.23,A,8,brand,"As a strong brand loyalist, I prefer TechBrand Wireless Earbuds due to their reputation and high ratings.",True,False,True,with_rag
llama3,product_choice,social_proof,False,TechBrand Wireless E vs SoundCore Wireless E,USA,amazon,Unknown,0.5,0.7777777777777778,0.2222222222222222,22.4,A,8,brand,"As a strong brand loyalist, I prefer the familiar TechBrand name over SoundCore.",True,False,True,no_rag
llama3,product_choice,social_proof,True,TechBrand Wireless E vs SoundCore Wireless E,USA,amazon,Unknown,0.5,0.5555555555555556,0.4444444444444445,28.57,B,8,price,"The $20 price difference is significant, and the slightly lower rating doesn't outweigh the cost savings.",True,False,True,with_rag
llama3,product_choice,social_proof,False,TechBrand Wireless E vs SoundCore Wireless E,USA,amazon,Unknown,0.5,0.5555555555555556,0.4444444444444445,28.18,A,8,brand,"As a moderate brand loyalist, I'm more likely to choose TechBrand over SoundCore.",True,False,True,no_rag
llama3,product_choice,social_proof,True,TechBrand Wireless E vs SoundCore Wireless E,Canada,global_wvs,Boomer,0.3634627657616281,0.3734984147314162,0.7061857250878424,26.25,A,8,brand,"As a moderate brand loyalist, I tend to trust well-known brands like TechBrand.",True,False,True,with_rag
llama3,product_choice,social_proof,False,TechBrand Wireless E vs SoundCore Wireless E,Canada,global_wvs,Boomer,0.3634627657616281,0.3734984147314162,0.7061857250878424,27.36,A,8,brand,"As a moderate brand loyalist, I prefer TechBrand due to its reputation for quality.",True,False,True,no_rag
llama3,product_choice,social_proof,True,TechBrand Wireless E vs SoundCore Wireless E,UK,global_wvs,Gen-X,0.589284080326021,0.6539278668756621,0.8634576801070702,26.95,A,8,brand,I'm a strong brand loyalist and TechBrand is a trusted brand for me.,True,False,True,with_rag
llama3,product_choice,social_proof,False,TechBrand Wireless E vs SoundCore Wireless E,UK,global_wvs,Gen-X,0.589284080326021,0.6539278668756621,0.8634576801070702,28.22,A,8,brand,"As a Gen-X consumer with strong brand loyalty, I'm more likely to choose TechBrand Wireless Earbuds despite the higher price.",True,False,True,no_rag
llama3,product_choice,social_proof,True,TechBrand Wireless E vs SoundCore Wireless E,Brazil,global_wvs,Gen-X,0.7078949690491565,0.5100888513907429,0.4652734260458881,25.63,B,8,price,The significant price difference between the two products makes SoundCore Wireless Earbuds an attractive option.,True,True,True,with_rag
llama3,product_choice,social_proof,False,TechBrand Wireless E vs SoundCore Wireless E,Brazil,global_wvs,Gen-X,0.7078949690491565,0.5100888513907429,0.4652734260458881,26.17,B,8,price,"I'm a price-conscious consumer, and $59 is a more affordable option for me.",True,False,True,no_rag
llama3,product_choice,best_seller,True,TechBrand Wireless E vs SoundCore Wireless E,Germany,uci,Unknown,0.9989965682634612,0.5,0.6,28.92,B,8,price,"I'm very price-sensitive and value-driven, so the lower price of Product B makes it a more attractive option.",True,True,True,with_rag
llama3,product_choice,best_seller,False,TechBrand Wireless E vs SoundCore Wireless E,Germany,uci,Unknown,0.9989965682634612,0.5,0.6,35.27,B,7,price,"I'm highly price-sensitive, and Product B offers a significant discount without compromising on ratings.",True,False,True,no_rag
llama3,product_choice,best_seller,True,TechBrand Wireless E vs SoundCore Wireless E,Belgium,uci,Unknown,0.8022513920685668,0.5,0.6,31.79,B,8,price,Product B's lower price point makes it more appealing to me as a budget-conscious consumer.,True,False,True,with_rag
llama3,product_choice,best_seller,False,TechBrand Wireless E vs SoundCore Wireless E,Belgium,uci,Unknown,0.8022513920685668,0.5,0.6,29.91,B,7,price,"The price difference between the two products is significant, and with a moderate price sensitivity, I'm more likely to choose the cheaper option.",True,True,True,no_rag
llama3,product_choice,best_seller,True,TechBrand Wireless E vs SoundCore Wireless E,United Kingdom,uci,Unknown,0.9149136199648952,0.5,0.6,27.05,B,8,price,"As a price-sensitive consumer, I'm attracted to the lower price point of Product B.",True,False,True,with_rag
llama3,product_choice,best_seller,False,TechBrand Wireless E vs SoundCore Wireless E,United Kingdom,uci,Unknown,0.9149136199648952,0.5,0.6,28.26,B,7,price,"The lower price of Product B makes it an attractive option, especially considering my high price sensitivity.",True,False,True,no_rag
llama3,product_choice,best_seller,True,TechBrand Wireless E vs SoundCore Wireless E,USA,amazon,Unknown,0.5,0.6666666666666667,0.3333333333333333,27.62,A,7,brand,"As a strong brand loyalist, I prefer to stick with TechBrand despite the slightly higher price.",True,False,True,with_rag
llama3,product_choice,best_seller,False,TechBrand Wireless E vs SoundCore Wireless E,USA,amazon,Unknown,0.5,0.6666666666666667,0.3333333333333333,29.18,A,8,brand,"As a consumer with strong brand loyalty, I'm more likely to choose TechBrand Wireless Earbuds despite the higher price.",True,False,True,no_rag
llama3,product_choice,best_seller,True,TechBrand Wireless E vs SoundCore Wireless E,USA,amazon,Unknown,0.5,0.7777777777777778,0.2222222222222222,28.54,A,8,brand,"As a strong brand loyalist, I prefer TechBrand Wireless Earbuds over SoundCore despite the higher price.",True,False,True,with_rag
llama3,product_choice,best_seller,False,TechBrand Wireless E vs SoundCore Wireless E,USA,amazon,Unknown,0.5,0.7777777777777778,0.2222222222222222,26.28,A,8,brand,Strong brand loyalty makes me choose TechBrand's best-selling product over SoundCore.,True,False,True,no_rag
llama3,product_choice,best_seller,True,TechBrand Wireless E vs SoundCore Wireless E,USA,amazon,Unknown,0.5,0.5555555555555556,0.4444444444444445,29.01,B,8,price,"The $59 price tag is significantly lower than the competition, making it an attractive option for someone with moderate price sensitivity.",True,False,True,with_rag
llama3,product_choice,best_seller,False,TechBrand Wireless E vs SoundCore Wireless E,USA,amazon,Unknown,0.5,0.5555555555555556,0.4444444444444445,27.38,B,8,price,"Given my moderate price sensitivity, the lower price of Product B is a significant factor in my decision.",True,False,True,no_rag
llama3,product_choice,best_seller,True,TechBrand Wireless E vs SoundCore Wireless E,Canada,global_wvs,Boomer,0.3634627657616281,0.3734984147314162,0.7061857250878424,32.17,A,8,rating,"I'm a loyal customer to TechBrand and have had good experiences with their products, so I'm willing to pay a premium for this earbuds' high rating.",True,False,True,with_rag
llama3,product_choice,best_seller,False,TechBrand Wireless E vs SoundCore Wireless E,Canada,global_wvs,Boomer,0.3634627657616281,0.3734984147314162,0.7061857250878424,35.58,A,8,brand,"As a brand loyal customer, I prefer TechBrand Wireless Earbuds even though they are slightly more expensive.",True,False,True,no_rag
llama3,product_choice,best_seller,True,TechBrand Wireless E vs SoundCore Wireless E,UK,global_wvs,Gen-X,0.589284080326021,0.6539278668756621,0.8634576801070702,32.36,B,7,price,I'm moderately price-conscious and willing to compromise on features for a lower price.,True,False,True,with_rag
llama3,product_choice,best_seller,False,TechBrand Wireless E vs SoundCore Wireless E,UK,global_wvs,Gen-X,0.589284080326021,0.6539278668756621,0.8634576801070702,28.9,A,7,brand,"As a strong brand loyalist, I prefer to stick with TechBrand, even if it's slightly more expensive.",True,False,True,no_rag
llama3,product_choice,best_seller,True,TechBrand Wireless E vs SoundCore Wireless E,Brazil,global_wvs,Gen-X,0.7078949690491565,0.5100888513907429,0.4652734260458881,26.65,B,8,price,"I'm a price-sensitive consumer, and Product B offers significant savings compared to Product A.",True,False,True,with_rag
llama3,product_choice,best_seller,False,TechBrand Wireless E vs SoundCore Wireless E,Brazil,global_wvs,Gen-X,0.7078949690491565,0.5100888513907429,0.4652734260458881,30.5,B,7,price,"I'm a price-conscious consumer and the $20 difference is significant, making SoundCore Wireless Earbuds the more attractive option.",True,True,True,no_rag
llama3,product_choice,financial,True,TechBrand Wireless E vs SoundCore Wireless E,Germany,uci,Unknown,0.9989965682634612,0.5,0.6,27.96,B,8,price,"The price difference is significant enough to sway my decision, even with the good rating of Product A.",True,True,True,with_rag
llama3,product_choice,financial,False,TechBrand Wireless E vs SoundCore Wireless E,Germany,uci,Unknown,0.9989965682634612,0.5,0.6,29.24,A,8,nudge,"The Buy 1 Get 1 Free offer is too good to pass up, especially considering my budget and price sensitivity.",True,False,True,no_rag
llama3,product_choice,financial,True,TechBrand Wireless E vs SoundCore Wireless E,Belgium,uci,Unknown,0.8022513920685668,0.5,0.6,31.5,B,8,price,"The $59 price point is much more appealing to my high price sensitivity, and the moderate brand loyalty doesn't sway me enough to choose TechBrand.",True,True,True,with_rag
llama3,product_choice,financial,False,TechBrand Wireless E vs SoundCore Wireless E,Belgium,uci,Unknown,0.8022513920685668,0.5,0.6,25.03,B,7,price,"The price difference is significant, and the slightly lower rating doesn't affect my decision.",True,False,True,no_rag
llama3,product_choice,financial,True,TechBrand Wireless E vs SoundCore Wireless E,United Kingdom,uci,Unknown,0.9149136199648952,0.5,0.6,25.76,B,8,price,"The lower price point of Product B makes it an attractive option, especially considering my high price sensitivity.",True,False,True,with_rag
llama3,product_choice,financial,False,TechBrand Wireless E vs SoundCore Wireless E,United Kingdom,uci,Unknown,0.9149136199648952,0.5,0.6,25.22,B,8,price,"I'm very price sensitive, and Product B is significantly cheaper without sacrificing too much quality.",True,False,True,no_rag
llama3,product_choice,financial,True,TechBrand Wireless E vs SoundCore Wireless E,USA,amazon,Unknown,0.5,0.6666666666666667,0.3333333333333333,28.85,B,7,price,"I'm moderate on price sensitivity and prefer to save money when possible. With the same quality and features, Product B is a more attractive option.",True,False,True,with_rag
llama3,product_choice,financial,False,TechBrand Wireless E vs SoundCore Wireless E,USA,amazon,Unknown,0.5,0.6666666666666667,0.3333333333333333,26.18,A,7,nudge,"The buy one get one free offer is too good to pass up, especially considering my moderate price sensitivity.",True,False,True,no_rag
llama3,product_choice,financial,True,TechBrand Wireless E vs SoundCore Wireless E,USA,amazon,Unknown,0.5,0.7777777777777778,0.2222222222222222,30.0,A,8,nudge,"The Buy 1 Get 1 Free offer is a significant incentive, and my strong brand loyalty to TechBrand makes me more likely to choose this option.",True,False,True,with_rag
llama3,product_choice,financial,False,TechBrand Wireless E vs SoundCore Wireless E,USA,amazon,Unknown,0.5,0.7777777777777778,0.2222222222222222,33.65,A,8,nudge,"The 'Buy 1 Get 1 Free' offer is a strong incentive, especially considering my moderate price sensitivity. I'm also hesitant to choose a less popular product (SoundCore) over a well-known brand like Te",True,False,True,no_rag
llama3,product_choice,financial,True,TechBrand Wireless E vs SoundCore Wireless E,USA,amazon,Unknown,0.5,0.5555555555555556,0.4444444444444445,26.45,A,8,nudge,"The buy one get one free offer is too good to pass up, and I'm moderately price-sensitive.",True,False,True,with_rag
llama3,product_choice,financial,False,TechBrand Wireless E vs SoundCore Wireless E,USA,amazon,Unknown,0.5,0.5555555555555556,0.4444444444444445,28.16,A,8,nudge,"The buy one get one free offer is too good to pass up, and I'm willing to pay a premium for the TechBrand brand.",True,False,True,no_rag
llama3,product_choice,financial,True,TechBrand Wireless E vs SoundCore Wireless E,Canada,global_wvs,Boomer,0.3634627657616281,0.3734984147314162,0.7061857250878424,27.49,B,8,price,"I'm a moderate price-sensor, and Product B offers significant savings. I'd rather pay less for the same quality.",True,False,True,with_rag
llama3,product_choice,financial,False,TechBrand Wireless E vs SoundCore Wireless E,Canada,global_wvs,Boomer,0.3634627657616281,0.3734984147314162,0.7061857250878424,29.08,A,8,nudge,"The buy one get one free offer is a great incentive, and I'm willing to pay the extra $20 for this brand considering my moderate brand loyalty.",True,False,True,no_rag
llama3,product_choice,financial,True,TechBrand Wireless E vs SoundCore Wireless E,UK,global_wvs,Gen-X,0.589284080326021,0.6539278668756621,0.8634576801070702,26.93,A,8,nudge,"The buy one get one free offer is too good to pass up, and I'm a moderate price-conscious consumer.",True,False,True,with_rag
llama3,product_choice,financial,False,TechBrand Wireless E vs SoundCore Wireless E,UK,global_wvs,Gen-X,0.589284080326021,0.6539278668756621,0.8634576801070702,27.28,A,8,nudge,"The 'Buy 1 Get 1 Free' offer is too good to pass up, especially considering my moderate price sensitivity.",True,False,True,no_rag
llama3,product_choice,financial,True,TechBrand Wireless E vs SoundCore Wireless E,Brazil,global_wvs,Gen-X,0.7078949690491565,0.5100888513907429,0.4652734260458881,26.62,B,8,price,"The significant price difference between the two products makes Product B a more attractive option, despite having a slightly lower rating.",True,False,True,with_rag
llama3,product_choice,financial,False,TechBrand Wireless E vs SoundCore Wireless E,Brazil,global_wvs,Gen-X,0.7078949690491565,0.5100888513907429,0.4652734260458881,26.67,A,8,nudge,"The Buy 1 Get 1 Free offer is too good to pass up, especially considering my moderate price sensitivity.",True,False,True,no_rag
